"date","observed"
"2018-09-15T01:38:00.00Z",10003155
"2018-09-15T01:39:00.00Z",12209773
"2018-09-15T01:40:00.00Z",9845316
"2018-09-15T01:41:00.00Z",15090860
"2018-09-15T01:42:00.00Z",11650443
"2018-09-15T01:43:00.00Z",11198959
"2018-09-15T01:44:00.00Z",10705800
"2018-09-15T01:45:00.00Z",11612453
"2018-09-15T01:46:00.00Z",10603704
"2018-09-15T01:47:00.00Z",12840333
"2018-09-15T01:48:00.00Z",11607742
"2018-09-15T01:49:00.00Z",14090118
"2018-09-15T01:50:00.00Z",12503656
"2018-09-15T01:51:00.00Z",11430310
"2018-09-15T01:52:00.00Z",11287341
"2018-09-15T01:53:00.00Z",12189929
"2018-09-15T01:54:00.00Z",13481405
"2018-09-15T01:55:00.00Z",11754030
"2018-09-15T01:56:00.00Z",9515316
"2018-09-15T01:57:00.00Z",11560561
"2018-09-15T01:58:00.00Z",11368592
"2018-09-15T01:59:00.00Z",13096439
"2018-09-15T02:00:00.00Z",12383984
"2018-09-15T02:01:00.00Z",13998850
"2018-09-15T02:02:00.00Z",11747709
"2018-09-15T02:03:00.00Z",10297985
"2018-09-15T02:04:00.00Z",11398019
"2018-09-15T02:05:00.00Z",11548828
"2018-09-15T02:06:00.00Z",12444448
"2018-09-15T02:07:00.00Z",11317156
"2018-09-15T02:08:00.00Z",10072614
"2018-09-15T02:09:00.00Z",12830594
"2018-09-15T02:10:00.00Z",12983727
"2018-09-15T02:11:00.00Z",11715123
"2018-09-15T02:12:00.00Z",11428312
"2018-09-15T02:13:00.00Z",10992436
"2018-09-15T02:14:00.00Z",8840750
"2018-09-15T02:15:00.00Z",14254930
"2018-09-15T02:16:00.00Z",12536652
"2018-09-15T02:17:00.00Z",12758809
"2018-09-15T02:18:00.00Z",11725827
"2018-09-15T02:19:00.00Z",10630919
"2018-09-15T02:20:00.00Z",13976309
"2018-09-15T02:21:00.00Z",11311778
"2018-09-15T02:22:00.00Z",11450180
"2018-09-15T02:23:00.00Z",10184984
"2018-09-15T02:24:00.00Z",11761000
"2018-09-15T02:25:00.00Z",10748986
"2018-09-15T02:26:00.00Z",10527768
"2018-09-15T02:27:00.00Z",13086033
"2018-09-15T02:28:00.00Z",12911846
"2018-09-15T02:29:00.00Z",9674961
"2018-09-15T02:30:00.00Z",11433571
"2018-09-15T02:31:00.00Z",10926364
"2018-09-15T02:32:00.00Z",8496843
"2018-09-15T02:33:00.00Z",10850333
"2018-09-15T02:34:00.00Z",11776304
"2018-09-15T02:35:00.00Z",11868852
"2018-09-15T02:36:00.00Z",13078175
"2018-09-15T02:37:00.00Z",13491281
"2018-09-15T02:38:00.00Z",9398164
"2018-09-15T02:39:00.00Z",11045333
"2018-09-15T02:40:00.00Z",10178759
"2018-09-15T02:41:00.00Z",11252200
"2018-09-15T02:42:00.00Z",11259161
"2018-09-15T02:43:00.00Z",12550653
"2018-09-15T02:44:00.00Z",10618510
"2018-09-15T02:45:00.00Z",10624564
"2018-09-15T02:46:00.00Z",13053230
"2018-09-15T02:47:00.00Z",11954964
"2018-09-15T02:48:00.00Z",11562426
"2018-09-15T02:49:00.00Z",11481527
"2018-09-15T02:50:00.00Z",8630600
"2018-09-15T02:51:00.00Z",11622377
"2018-09-15T02:52:00.00Z",11885133
"2018-09-15T02:53:00.00Z",12095867
"2018-09-15T02:54:00.00Z",14048891
"2018-09-15T02:55:00.00Z",11251900
"2018-09-15T02:56:00.00Z",10320138
"2018-09-15T02:57:00.00Z",12196804
"2018-09-15T02:58:00.00Z",9528892
"2018-09-15T02:59:00.00Z",10284359
"2018-09-15T03:00:00.00Z",10416136
"2018-09-15T03:01:00.00Z",9291800
"2018-09-15T03:02:00.00Z",10906389
"2018-09-15T03:03:00.00Z",16232833
"2018-09-15T03:04:00.00Z",13866089
"2018-09-15T03:05:00.00Z",12485983
"2018-09-15T03:06:00.00Z",10419825
"2018-09-15T03:07:00.00Z",11634683
"2018-09-15T03:08:00.00Z",11315400
"2018-09-15T03:09:00.00Z",13756245
"2018-09-15T03:10:00.00Z",13187912
"2018-09-15T03:11:00.00Z",12090695
"2018-09-15T03:12:00.00Z",11742617
"2018-09-15T03:13:00.00Z",12443031
"2018-09-15T03:14:00.00Z",12198585
"2018-09-15T03:15:00.00Z",9921931
"2018-09-15T03:16:00.00Z",11122679
"2018-09-15T03:17:00.00Z",12499898
"2018-09-15T03:18:00.00Z",14611240
"2018-09-15T03:19:00.00Z",13851192
"2018-09-15T03:20:00.00Z",12351714
"2018-09-15T03:21:00.00Z",9716140
"2018-09-15T03:22:00.00Z",12501263
"2018-09-15T03:23:00.00Z",10333292
"2018-09-15T03:24:00.00Z",12677863
"2018-09-15T03:25:00.00Z",16574721
"2018-09-15T03:26:00.00Z",10180509
"2018-09-15T03:27:00.00Z",12173628
"2018-09-15T03:28:00.00Z",13229119
"2018-09-15T03:29:00.00Z",12947608
"2018-09-15T03:30:00.00Z",13464490
"2018-09-15T03:31:00.00Z",12597393
"2018-09-15T03:32:00.00Z",11048472
"2018-09-15T03:33:00.00Z",11113815
"2018-09-15T03:34:00.00Z",11295164
"2018-09-15T03:35:00.00Z",11525984
"2018-09-15T03:36:00.00Z",8966727
"2018-09-15T03:37:00.00Z",15969837
"2018-09-15T03:38:00.00Z",11255471
"2018-09-15T03:39:00.00Z",10332423
"2018-09-15T03:40:00.00Z",16425130
"2018-09-15T03:41:00.00Z",11334471
"2018-09-15T03:42:00.00Z",12241739
"2018-09-15T03:43:00.00Z",12377220
"2018-09-15T03:44:00.00Z",12904882
"2018-09-15T03:45:00.00Z",13802036
"2018-09-15T03:46:00.00Z",10286405
"2018-09-15T03:47:00.00Z",10289592
"2018-09-15T03:48:00.00Z",10419478
"2018-09-15T03:49:00.00Z",12082404
"2018-09-15T03:50:00.00Z",15145692
"2018-09-15T03:51:00.00Z",14030583
"2018-09-15T03:52:00.00Z",12037750
"2018-09-15T03:53:00.00Z",11661588
"2018-09-15T03:54:00.00Z",11855809
"2018-09-15T03:55:00.00Z",9478620
"2018-09-15T03:56:00.00Z",8381280
"2018-09-15T03:57:00.00Z",8628556
"2018-09-15T03:58:00.00Z",12791212
"2018-09-15T03:59:00.00Z",11567442
"2018-09-15T04:00:00.00Z",12464947
"2018-09-15T04:01:00.00Z",11322078
"2018-09-15T04:02:00.00Z",11302111
"2018-09-15T04:03:00.00Z",11262162
"2018-09-15T04:04:00.00Z",15441146
"2018-09-15T04:05:00.00Z",13311692
"2018-09-15T04:06:00.00Z",10719919
"2018-09-15T04:07:00.00Z",14954921
"2018-09-15T04:08:00.00Z",9565667
"2018-09-15T04:09:00.00Z",11480435
"2018-09-15T04:10:00.00Z",13427500
"2018-09-15T04:11:00.00Z",15479023
"2018-09-15T04:12:00.00Z",10256174
"2018-09-15T04:13:00.00Z",12483185
"2018-09-15T04:14:00.00Z",13356761
"2018-09-15T04:15:00.00Z",12818595
"2018-09-15T04:16:00.00Z",13593238
"2018-09-15T04:17:00.00Z",13268542
"2018-09-15T04:18:00.00Z",15267200
"2018-09-15T04:19:00.00Z",11496213
"2018-09-15T04:20:00.00Z",11934049
"2018-09-15T04:21:00.00Z",11266846
"2018-09-15T04:22:00.00Z",15254829
"2018-09-15T04:23:00.00Z",13447447
"2018-09-15T04:24:00.00Z",11252978
"2018-09-15T04:25:00.00Z",12979500
"2018-09-15T04:26:00.00Z",11040250
"2018-09-15T04:27:00.00Z",11895327
"2018-09-15T04:28:00.00Z",13124695
"2018-09-15T04:29:00.00Z",11540902
"2018-09-15T04:30:00.00Z",10108833
"2018-09-15T04:31:00.00Z",14147182
"2018-09-15T04:32:00.00Z",12329341
"2018-09-15T04:33:00.00Z",15508729
"2018-09-15T04:34:00.00Z",12285789
"2018-09-15T04:35:00.00Z",10586091
"2018-09-15T04:36:00.00Z",11874974
"2018-09-15T04:37:00.00Z",13798128
"2018-09-15T04:38:00.00Z",13116721
"2018-09-15T04:39:00.00Z",12459103
"2018-09-15T04:40:00.00Z",14690119
"2018-09-15T04:41:00.00Z",13598706
"2018-09-15T04:42:00.00Z",14726590
"2018-09-15T04:43:00.00Z",12893064
"2018-09-15T04:44:00.00Z",13682133
"2018-09-15T04:45:00.00Z",14964564
"2018-09-15T04:46:00.00Z",11655581
"2018-09-15T04:47:00.00Z",14052413
"2018-09-15T04:48:00.00Z",11895233
"2018-09-15T04:49:00.00Z",12288256
"2018-09-15T04:50:00.00Z",15853588
"2018-09-15T04:51:00.00Z",7620281
"2018-09-15T04:52:00.00Z",11698868
"2018-09-15T04:53:00.00Z",9795050
"2018-09-15T04:54:00.00Z",11865306
"2018-09-15T04:55:00.00Z",11513559
"2018-09-15T04:56:00.00Z",9052730
"2018-09-15T04:57:00.00Z",11772658
"2018-09-15T04:58:00.00Z",12160881
"2018-09-15T04:59:00.00Z",10676447
"2018-09-15T05:00:00.00Z",10304024
"2018-09-15T05:01:00.00Z",10903870
"2018-09-15T05:02:00.00Z",9168192
"2018-09-15T05:03:00.00Z",10162561
"2018-09-15T05:04:00.00Z",8063531
"2018-09-15T05:05:00.00Z",12045026
"2018-09-15T05:06:00.00Z",10308343
"2018-09-15T05:07:00.00Z",12113316
"2018-09-15T05:08:00.00Z",13579903
"2018-09-15T05:09:00.00Z",12721900
"2018-09-15T05:10:00.00Z",10281811
"2018-09-15T05:11:00.00Z",14914306
"2018-09-15T05:12:00.00Z",18341720
"2018-09-15T05:13:00.00Z",12540471
"2018-09-15T05:14:00.00Z",10740714
"2018-09-15T05:15:00.00Z",14187050
"2018-09-15T05:16:00.00Z",13105263
"2018-09-15T05:17:00.00Z",13221640
"2018-09-15T05:18:00.00Z",11942472
"2018-09-15T05:19:00.00Z",11779125
"2018-09-15T05:20:00.00Z",12748725
"2018-09-15T05:21:00.00Z",13307634
"2018-09-15T05:22:00.00Z",15315763
"2018-09-15T05:23:00.00Z",13041000
"2018-09-15T05:24:00.00Z",14398838
"2018-09-15T05:25:00.00Z",10569100
"2018-09-15T05:26:00.00Z",12108000
"2018-09-15T05:27:00.00Z",9937444
"2018-09-15T05:28:00.00Z",11264100
"2018-09-15T05:29:00.00Z",14574861
"2018-09-15T05:30:00.00Z",12370593
"2018-09-15T05:31:00.00Z",10106333
"2018-09-15T05:32:00.00Z",11741600
"2018-09-15T05:33:00.00Z",12481514
"2018-09-15T05:34:00.00Z",15701929
"2018-09-15T05:35:00.00Z",11226571
"2018-09-15T05:36:00.00Z",13454516
"2018-09-15T05:37:00.00Z",11095480
"2018-09-15T05:38:00.00Z",11955628
"2018-09-15T05:39:00.00Z",15675094
"2018-09-15T05:40:00.00Z",15681720
"2018-09-15T05:41:00.00Z",11469278
"2018-09-15T05:42:00.00Z",13214185
"2018-09-15T05:43:00.00Z",13510733
"2018-09-15T05:44:00.00Z",15939722
"2018-09-15T05:45:00.00Z",13693056
"2018-09-15T05:46:00.00Z",14631325
"2018-09-15T05:47:00.00Z",14697759
"2018-09-15T05:48:00.00Z",16433152
"2018-09-15T05:49:00.00Z",9869056
"2018-09-15T05:50:00.00Z",14019310
"2018-09-15T05:51:00.00Z",13803029
"2018-09-15T05:52:00.00Z",17200634
"2018-09-15T05:53:00.00Z",12584097
"2018-09-15T05:54:00.00Z",14232056
"2018-09-15T05:55:00.00Z",14179677
"2018-09-15T05:56:00.00Z",13717581
"2018-09-15T05:57:00.00Z",14070519
"2018-09-15T05:58:00.00Z",14061536
"2018-09-15T05:59:00.00Z",13765727
"2018-09-15T06:00:00.00Z",12732500
"2018-09-15T06:01:00.00Z",15233879
"2018-09-15T06:02:00.00Z",13175306
"2018-09-15T06:03:00.00Z",13442207
"2018-09-15T06:04:00.00Z",14177867
"2018-09-15T06:05:00.00Z",13509458
"2018-09-15T06:06:00.00Z",15287957
"2018-09-15T06:07:00.00Z",13019231
"2018-09-15T06:08:00.00Z",13007839
"2018-09-15T06:09:00.00Z",13572581
"2018-09-15T06:10:00.00Z",8965320
"2018-09-15T06:11:00.00Z",19419688
"2018-09-15T06:12:00.00Z",13036462
"2018-09-15T06:13:00.00Z",10795875
"2018-09-15T06:14:00.00Z",13311919
"2018-09-15T06:15:00.00Z",11581400
"2018-09-15T06:16:00.00Z",16705500
"2018-09-15T06:17:00.00Z",17210708
"2018-09-15T06:18:00.00Z",11417259
"2018-09-15T06:19:00.00Z",15590769
"2018-09-15T06:20:00.00Z",13928391
"2018-09-15T06:21:00.00Z",15723143
"2018-09-15T06:22:00.00Z",15430087
"2018-09-15T06:23:00.00Z",14894800
"2018-09-15T06:24:00.00Z",12476457
"2018-09-15T06:25:00.00Z",13273875
"2018-09-15T06:26:00.00Z",9815300
"2018-09-15T06:27:00.00Z",11543146
"2018-09-15T06:28:00.00Z",13194867
"2018-09-15T06:29:00.00Z",11716487
"2018-09-15T06:30:00.00Z",12315129
"2018-09-15T06:31:00.00Z",15775394
"2018-09-15T06:32:00.00Z",11817448
"2018-09-15T06:33:00.00Z",12860958
"2018-09-15T06:34:00.00Z",17159320
"2018-09-15T06:35:00.00Z",12140684
"2018-09-15T06:36:00.00Z",15631806
"2018-09-15T06:37:00.00Z",12654433
"2018-09-15T06:38:00.00Z",9545867
"2018-09-15T06:39:00.00Z",15532808
"2018-09-15T06:40:00.00Z",9470581
"2018-09-15T06:41:00.00Z",14706737
"2018-09-15T06:42:00.00Z",16844260
"2018-09-15T06:43:00.00Z",13475385
"2018-09-15T06:44:00.00Z",12864963
"2018-09-15T06:45:00.00Z",13652303
"2018-09-15T06:46:00.00Z",14714375
"2018-09-15T06:47:00.00Z",13094586
"2018-09-15T06:48:00.00Z",13934065
"2018-09-15T06:49:00.00Z",16640405
"2018-09-15T06:50:00.00Z",12024600
"2018-09-15T06:51:00.00Z",14687654
"2018-09-15T06:52:00.00Z",11953000
"2018-09-15T06:53:00.00Z",13753429
"2018-09-15T06:54:00.00Z",13699368
"2018-09-15T06:55:00.00Z",17127428
"2018-09-15T06:56:00.00Z",13905621
"2018-09-15T06:57:00.00Z",10019773
"2018-09-15T06:58:00.00Z",21495838
"2018-09-15T06:59:00.00Z",11255040
"2018-09-15T07:00:00.00Z",22028962
"2018-09-15T07:01:00.00Z",14923759
"2018-09-15T07:02:00.00Z",13207773
"2018-09-15T07:03:00.00Z",12483960
"2018-09-15T07:04:00.00Z",16339091
"2018-09-15T07:05:00.00Z",12743286
"2018-09-15T07:06:00.00Z",20464000
"2018-09-15T07:07:00.00Z",13468560
"2018-09-15T07:08:00.00Z",12217542
"2018-09-15T07:09:00.00Z",18346600
"2018-09-15T07:10:00.00Z",10265783
"2018-09-15T07:11:00.00Z",15500200
"2018-09-15T07:12:00.00Z",16013154
"2018-09-15T07:13:00.00Z",13529111
"2018-09-15T07:14:00.00Z",14875800
"2018-09-15T07:15:00.00Z",17289342
"2018-09-15T07:16:00.00Z",16438690
"2018-09-15T07:17:00.00Z",14656174
"2018-09-15T07:18:00.00Z",11333294
"2018-09-15T07:19:00.00Z",16696588
"2018-09-15T07:20:00.00Z",15845143
"2018-09-15T07:21:00.00Z",9840136
"2018-09-15T07:22:00.00Z",16465957
"2018-09-15T07:23:00.00Z",13848679
"2018-09-15T07:24:00.00Z",17413876
"2018-09-15T07:25:00.00Z",12317350
"2018-09-15T07:26:00.00Z",17346650
"2018-09-15T07:27:00.00Z",9762227
"2018-09-15T07:28:00.00Z",14760536
"2018-09-15T07:29:00.00Z",14239364
"2018-09-15T07:30:00.00Z",12545524
"2018-09-15T07:31:00.00Z",13340161
"2018-09-15T07:32:00.00Z",15284214
"2018-09-15T07:33:00.00Z",15981565
"2018-09-15T07:34:00.00Z",16123190
"2018-09-15T07:35:00.00Z",17246370
"2018-09-15T07:36:00.00Z",19246000
"2018-09-15T07:37:00.00Z",15680773
"2018-09-15T07:38:00.00Z",17278222
"2018-09-15T07:39:00.00Z",14571630
"2018-09-15T07:40:00.00Z",13559323
"2018-09-15T07:41:00.00Z",13407552
"2018-09-15T07:42:00.00Z",17637970
"2018-09-15T07:43:00.00Z",14841962
"2018-09-15T07:44:00.00Z",15990240
"2018-09-15T07:45:00.00Z",16166407
"2018-09-15T07:46:00.00Z",20396824
"2018-09-15T07:47:00.00Z",18479416
"2018-09-15T07:48:00.00Z",19526148
"2018-09-15T07:49:00.00Z",16261720
"2018-09-15T07:50:00.00Z",16909728
"2018-09-15T07:51:00.00Z",14703758
"2018-09-15T07:52:00.00Z",12838200
"2018-09-15T07:53:00.00Z",14453667
"2018-09-15T07:54:00.00Z",20672870
"2018-09-15T07:55:00.00Z",13439960
"2018-09-15T07:56:00.00Z",14926824
"2018-09-15T07:57:00.00Z",15535885
"2018-09-15T07:58:00.00Z",9846875
"2018-09-15T07:59:00.00Z",15566636
"2018-09-15T08:00:00.00Z",14127727
"2018-09-15T08:01:00.00Z",8319400
"2018-09-15T08:02:00.00Z",17798218
"2018-09-15T08:03:00.00Z",15709762
"2018-09-15T08:04:00.00Z",10729478
"2018-09-15T08:05:00.00Z",16484417
"2018-09-15T08:06:00.00Z",16826000
"2018-09-15T08:07:00.00Z",15080000
"2018-09-15T08:08:00.00Z",15493182
"2018-09-15T08:09:00.00Z",15677143
"2018-09-15T08:10:00.00Z",13964871
"2018-09-15T08:11:00.00Z",15442333
"2018-09-15T08:12:00.00Z",15102500
"2018-09-15T08:13:00.00Z",13305893
"2018-09-15T08:14:00.00Z",19591124
"2018-09-15T08:15:00.00Z",14145579
"2018-09-15T08:16:00.00Z",20778270
"2018-09-15T08:17:00.00Z",15566250
"2018-09-15T08:18:00.00Z",16701130
"2018-09-15T08:19:00.00Z",21874358
"2018-09-15T08:20:00.00Z",11951500
"2018-09-15T08:21:00.00Z",19002846
"2018-09-15T08:22:00.00Z",13112783
"2018-09-15T08:23:00.00Z",20129388
"2018-09-15T08:24:00.00Z",21474888
"2018-09-15T08:25:00.00Z",16481500
"2018-09-15T08:26:00.00Z",18810304
"2018-09-15T08:27:00.00Z",15346545
"2018-09-15T08:28:00.00Z",15939308
"2018-09-15T08:29:00.00Z",11648300
"2018-09-15T08:30:00.00Z",17997326
"2018-09-15T08:31:00.00Z",23531388
"2018-09-15T08:32:00.00Z",13806960
"2018-09-15T08:33:00.00Z",15743690
"2018-09-15T08:34:00.00Z",15983483
"2018-09-15T08:35:00.00Z",16541424
"2018-09-15T08:36:00.00Z",11281118
"2018-09-15T08:37:00.00Z",14294667
"2018-09-15T08:38:00.00Z",20000370
"2018-09-15T08:39:00.00Z",20104176
"2018-09-15T08:40:00.00Z",13270481
"2018-09-15T08:41:00.00Z",17533438
"2018-09-15T08:42:00.00Z",14686864
"2018-09-15T08:43:00.00Z",12010111
"2018-09-15T08:44:00.00Z",20032500
"2018-09-15T08:45:00.00Z",13532684
"2018-09-15T08:46:00.00Z",18424434
"2018-09-15T08:47:00.00Z",15503759
"2018-09-15T08:48:00.00Z",13418278
"2018-09-15T08:49:00.00Z",14458593
"2018-09-15T08:50:00.00Z",18440608
"2018-09-15T08:51:00.00Z",13840444
"2018-09-15T08:52:00.00Z",16007522
"2018-09-15T08:53:00.00Z",14837815
"2018-09-15T08:54:00.00Z",18222724
"2018-09-15T08:55:00.00Z",17957346
"2018-09-15T08:56:00.00Z",13513963
"2018-09-15T08:57:00.00Z",15023429
"2018-09-15T08:58:00.00Z",18063388
"2018-09-15T08:59:00.00Z",15090345
"2018-09-15T09:00:00.00Z",17299264
"2018-09-15T09:01:00.00Z",15326577
"2018-09-15T09:02:00.00Z",15559343
"2018-09-15T09:03:00.00Z",11961667
"2018-09-15T09:04:00.00Z",18126556
"2018-09-15T09:05:00.00Z",15330833
"2018-09-15T09:06:00.00Z",11315000
"2018-09-15T09:07:00.00Z",20261066
"2018-09-15T09:08:00.00Z",14335250
"2018-09-15T09:09:00.00Z",11828632
"2018-09-15T09:10:00.00Z",14340565
"2018-09-15T09:11:00.00Z",12614429
"2018-09-15T09:12:00.00Z",16245000
"2018-09-15T09:13:00.00Z",14031867
"2018-09-15T09:14:00.00Z",16264794
"2018-09-15T09:15:00.00Z",20523680
"2018-09-15T09:16:00.00Z",17960838
"2018-09-15T09:17:00.00Z",16231864
"2018-09-15T09:18:00.00Z",15422957
"2018-09-15T09:19:00.00Z",16155625
"2018-09-15T09:20:00.00Z",18032678
"2018-09-15T09:21:00.00Z",19822500
"2018-09-15T09:22:00.00Z",18109680
"2018-09-15T09:23:00.00Z",13174938
"2018-09-15T09:24:00.00Z",12311094
"2018-09-15T09:25:00.00Z",17644294
"2018-09-15T09:26:00.00Z",14443900
"2018-09-15T09:27:00.00Z",14210441
"2018-09-15T09:28:00.00Z",10635080
"2018-09-15T09:29:00.00Z",11427130
"2018-09-15T09:30:00.00Z",9916480
"2018-09-15T09:31:00.00Z",11293550
"2018-09-15T09:32:00.00Z",21630678
"2018-09-15T09:33:00.00Z",14768576
"2018-09-15T09:34:00.00Z",12378211
"2018-09-15T09:35:00.00Z",17370394
"2018-09-15T09:36:00.00Z",13812651
"2018-09-15T09:37:00.00Z",13326571
"2018-09-15T09:38:00.00Z",13981960
"2018-09-15T09:39:00.00Z",16816532
"2018-09-15T09:40:00.00Z",13060870
"2018-09-15T09:41:00.00Z",14833433
"2018-09-15T09:42:00.00Z",15329862
"2018-09-15T09:43:00.00Z",20802794
"2018-09-15T09:44:00.00Z",15540167
"2018-09-15T09:45:00.00Z",20871210
"2018-09-15T09:46:00.00Z",18353710
"2018-09-15T09:47:00.00Z",17073186
"2018-09-15T09:48:00.00Z",12658885
"2018-09-15T09:49:00.00Z",12856611
"2018-09-15T09:50:00.00Z",15170300
"2018-09-15T09:51:00.00Z",17848524
"2018-09-15T09:52:00.00Z",18112522
"2018-09-15T09:53:00.00Z",16831648
"2018-09-15T09:54:00.00Z",20398718
"2018-09-15T09:55:00.00Z",17402910
"2018-09-15T09:56:00.00Z",26528228
"2018-09-15T09:57:00.00Z",14889133
"2018-09-15T09:58:00.00Z",18896714
"2018-09-15T09:59:00.00Z",15420172
"2018-09-15T10:00:00.00Z",17096138
"2018-09-15T10:01:00.00Z",12962778
"2018-09-15T10:02:00.00Z",16982400
"2018-09-15T10:03:00.00Z",13513167
"2018-09-15T10:04:00.00Z",14283611
"2018-09-15T10:05:00.00Z",13032065
"2018-09-15T10:06:00.00Z",16913634
"2018-09-15T10:07:00.00Z",19564950
"2018-09-15T10:08:00.00Z",13004176
"2018-09-15T10:09:00.00Z",13609500
"2018-09-15T10:10:00.00Z",10749143
"2018-09-15T10:11:00.00Z",18339666
"2018-09-15T10:12:00.00Z",16388760
"2018-09-15T10:13:00.00Z",17608050
"2018-09-15T10:14:00.00Z",13537036
"2018-09-15T10:15:00.00Z",16012677
"2018-09-15T10:16:00.00Z",14744258
"2018-09-15T10:17:00.00Z",19203124
"2018-09-15T10:18:00.00Z",17217828
"2018-09-15T10:19:00.00Z",19084400
"2018-09-15T10:20:00.00Z",15853686
"2018-09-15T10:21:00.00Z",16422857
"2018-09-15T10:22:00.00Z",22316968
"2018-09-15T10:23:00.00Z",17900458
"2018-09-15T10:24:00.00Z",14350316
"2018-09-15T10:25:00.00Z",13547842
"2018-09-15T10:26:00.00Z",17198462
"2018-09-15T10:27:00.00Z",18702364
"2018-09-15T10:28:00.00Z",16795516
"2018-09-15T10:29:00.00Z",16488850
"2018-09-15T10:30:00.00Z",16946040
"2018-09-15T10:31:00.00Z",16630885
"2018-09-15T10:32:00.00Z",13759829
"2018-09-15T10:33:00.00Z",17418932
"2018-09-15T10:34:00.00Z",14059929
"2018-09-15T10:35:00.00Z",18975344
"2018-09-15T10:36:00.00Z",14518167
"2018-09-15T10:37:00.00Z",19902878
"2018-09-15T10:38:00.00Z",16908858
"2018-09-15T10:39:00.00Z",15160742
"2018-09-15T10:40:00.00Z",16966710
"2018-09-15T10:41:00.00Z",12164400
"2018-09-15T10:42:00.00Z",13100515
"2018-09-15T10:43:00.00Z",17403438
"2018-09-15T10:44:00.00Z",15682094
"2018-09-15T10:45:00.00Z",15865464
"2018-09-15T10:46:00.00Z",15320793
"2018-09-15T10:47:00.00Z",15301056
"2018-09-15T10:48:00.00Z",10200583
"2018-09-15T10:49:00.00Z",15907636
"2018-09-15T10:50:00.00Z",20386270
"2018-09-15T10:51:00.00Z",17241400
"2018-09-15T10:52:00.00Z",16056828
"2018-09-15T10:53:00.00Z",13460360
"2018-09-15T10:54:00.00Z",17361142
"2018-09-15T10:55:00.00Z",16684043
"2018-09-15T10:56:00.00Z",16500739
"2018-09-15T10:57:00.00Z",20625066
"2018-09-15T10:58:00.00Z",20006750
"2018-09-15T10:59:00.00Z",21679366
"2018-09-15T11:00:00.00Z",18919238
"2018-09-15T11:01:00.00Z",13151129
"2018-09-15T11:02:00.00Z",15738417
"2018-09-15T11:03:00.00Z",13204789
"2018-09-15T11:04:00.00Z",21514346
"2018-09-15T11:05:00.00Z",11622206
"2018-09-15T11:06:00.00Z",17035924
"2018-09-15T11:07:00.00Z",14473708
"2018-09-15T11:08:00.00Z",15357955
"2018-09-15T11:09:00.00Z",15935556
"2018-09-15T11:10:00.00Z",17769636
"2018-09-15T11:11:00.00Z",11381850
"2018-09-15T11:12:00.00Z",13394333
"2018-09-15T11:13:00.00Z",10129167
"2018-09-15T11:14:00.00Z",11794000
"2018-09-15T11:15:00.00Z",17027974
"2018-09-15T11:16:00.00Z",17646064
"2018-09-15T11:17:00.00Z",13877130
"2018-09-15T11:18:00.00Z",11071583
"2018-09-15T11:19:00.00Z",14518632
"2018-09-15T11:20:00.00Z",12582593
"2018-09-15T11:21:00.00Z",16857280
"2018-09-15T11:22:00.00Z",14109375
"2018-09-15T11:23:00.00Z",20337666
"2018-09-15T11:24:00.00Z",14706167
"2018-09-15T11:25:00.00Z",13629778
"2018-09-15T11:26:00.00Z",13101467
"2018-09-15T11:27:00.00Z",15475296
"2018-09-15T11:28:00.00Z",16293704
"2018-09-15T11:29:00.00Z",14085741
"2018-09-15T11:30:00.00Z",14254278
"2018-09-15T11:31:00.00Z",14185350
"2018-09-15T11:32:00.00Z",15730571
"2018-09-15T11:33:00.00Z",16400030
"2018-09-15T11:34:00.00Z",16712767
"2018-09-15T11:35:00.00Z",16655955
"2018-09-15T11:36:00.00Z",18614250
"2018-09-15T11:37:00.00Z",15813481
"2018-09-15T11:38:00.00Z",21192178
"2018-09-15T11:39:00.00Z",13917560
"2018-09-15T11:40:00.00Z",12087647
"2018-09-15T11:41:00.00Z",13786769
"2018-09-15T11:42:00.00Z",18740750
"2018-09-15T11:43:00.00Z",22009932
"2018-09-15T11:44:00.00Z",10659346
"2018-09-15T11:45:00.00Z",18355848
"2018-09-15T11:46:00.00Z",16622724
"2018-09-15T11:47:00.00Z",16301061
"2018-09-15T11:48:00.00Z",14378342
"2018-09-15T11:49:00.00Z",13753172
"2018-09-15T11:50:00.00Z",20827846
"2018-09-15T11:51:00.00Z",15158917
"2018-09-15T11:52:00.00Z",17080000
"2018-09-15T11:53:00.00Z",21699118
"2018-09-15T11:54:00.00Z",10485895
"2018-09-15T11:55:00.00Z",23136318
"2018-09-15T11:56:00.00Z",12990848
"2018-09-15T11:57:00.00Z",19817696
"2018-09-15T11:58:00.00Z",15263000
"2018-09-15T11:59:00.00Z",11713613
"2018-09-15T12:00:00.00Z",16916538
"2018-09-15T12:01:00.00Z",14252395
"2018-09-15T12:02:00.00Z",17844450
"2018-09-15T12:03:00.00Z",14695848
"2018-09-15T12:04:00.00Z",15194688
"2018-09-15T12:05:00.00Z",14757152
"2018-09-15T12:06:00.00Z",14702343
"2018-09-15T12:07:00.00Z",12738200
"2018-09-15T12:08:00.00Z",15790125
"2018-09-15T12:09:00.00Z",15203217
"2018-09-15T12:10:00.00Z",20344714
"2018-09-15T12:11:00.00Z",12600406
"2018-09-15T12:12:00.00Z",14375479
"2018-09-15T12:13:00.00Z",14905682
"2018-09-15T12:14:00.00Z",16301031
"2018-09-15T12:15:00.00Z",13694447
"2018-09-15T12:16:00.00Z",13516390
"2018-09-15T12:17:00.00Z",15216231
"2018-09-15T12:18:00.00Z",19301114
"2018-09-15T12:19:00.00Z",9166500
"2018-09-15T12:20:00.00Z",13397524
"2018-09-15T12:21:00.00Z",20767432
"2018-09-15T12:22:00.00Z",17638040
"2018-09-15T12:23:00.00Z",14270341
"2018-09-15T12:24:00.00Z",16817000
"2018-09-15T12:25:00.00Z",14892763
"2018-09-15T12:26:00.00Z",17864572
"2018-09-15T12:27:00.00Z",17153120
"2018-09-15T12:28:00.00Z",18516264
"2018-09-15T12:29:00.00Z",10985281
"2018-09-15T12:30:00.00Z",14255381
"2018-09-15T12:31:00.00Z",12434206
"2018-09-15T12:32:00.00Z",11318767
"2018-09-15T12:33:00.00Z",14470818
"2018-09-15T12:34:00.00Z",12054081
"2018-09-15T12:35:00.00Z",13477333
"2018-09-15T12:36:00.00Z",16922044
"2018-09-15T12:37:00.00Z",19792322
"2018-09-15T12:38:00.00Z",16731184
"2018-09-15T12:39:00.00Z",17571564
"2018-09-15T12:40:00.00Z",17068666
"2018-09-15T12:41:00.00Z",17348264
"2018-09-15T12:42:00.00Z",15539048
"2018-09-15T12:43:00.00Z",16890464
"2018-09-15T12:44:00.00Z",19343208
"2018-09-15T12:45:00.00Z",10533516
"2018-09-15T12:46:00.00Z",15345628
"2018-09-15T12:47:00.00Z",13704651
"2018-09-15T12:48:00.00Z",15579093
"2018-09-15T12:49:00.00Z",15748421
"2018-09-15T12:50:00.00Z",15669634
"2018-09-15T12:51:00.00Z",16523120
"2018-09-15T12:52:00.00Z",14077925
"2018-09-15T12:53:00.00Z",13609205
"2018-09-15T12:54:00.00Z",11893472
"2018-09-15T12:55:00.00Z",15599118
"2018-09-15T12:56:00.00Z",16534800
"2018-09-15T12:57:00.00Z",15649226
"2018-09-15T12:58:00.00Z",12725632
"2018-09-15T12:59:00.00Z",13293535
"2018-09-15T13:00:00.00Z",13499108
"2018-09-15T13:01:00.00Z",12883491
"2018-09-15T13:02:00.00Z",13241736
"2018-09-15T13:03:00.00Z",9555578
"2018-09-15T13:04:00.00Z",10020356
"2018-09-15T13:05:00.00Z",11705222
"2018-09-15T13:06:00.00Z",13325510
"2018-09-15T13:07:00.00Z",11042297
"2018-09-15T13:08:00.00Z",16575439
"2018-09-15T13:09:00.00Z",10840308
"2018-09-15T13:10:00.00Z",13940000
"2018-09-15T13:11:00.00Z",15345815
"2018-09-15T13:12:00.00Z",12447840
"2018-09-15T13:13:00.00Z",18166876
"2018-09-15T13:14:00.00Z",13853667
"2018-09-15T13:15:00.00Z",12844886
"2018-09-15T13:16:00.00Z",10911787
"2018-09-15T13:17:00.00Z",11049365
"2018-09-15T13:18:00.00Z",13824489
"2018-09-15T13:19:00.00Z",12030289
"2018-09-15T13:20:00.00Z",20662488
"2018-09-15T13:21:00.00Z",12693256
"2018-09-15T13:22:00.00Z",10651286
"2018-09-15T13:23:00.00Z",10680727
"2018-09-15T13:24:00.00Z",15910298
"2018-09-15T13:25:00.00Z",15382444
"2018-09-15T13:26:00.00Z",13730130
"2018-09-15T13:27:00.00Z",13916891
"2018-09-15T13:28:00.00Z",15367472
"2018-09-15T13:29:00.00Z",11907211
"2018-09-15T13:30:00.00Z",14174020
"2018-09-15T13:31:00.00Z",18688440
"2018-09-15T13:32:00.00Z",14569921
"2018-09-15T13:33:00.00Z",12439098
"2018-09-15T13:34:00.00Z",16018143
"2018-09-15T13:35:00.00Z",13870267
"2018-09-15T13:36:00.00Z",13434686
"2018-09-15T13:37:00.00Z",14072515
"2018-09-15T13:38:00.00Z",12122358
"2018-09-15T13:39:00.00Z",9912418
"2018-09-15T13:40:00.00Z",14394902
"2018-09-15T13:41:00.00Z",11656800
"2018-09-15T13:42:00.00Z",12982692
"2018-09-15T13:43:00.00Z",13303878
"2018-09-15T13:44:00.00Z",13041491
"2018-09-15T13:45:00.00Z",14509254
"2018-09-15T13:46:00.00Z",15388175
"2018-09-15T13:47:00.00Z",16647170
"2018-09-15T13:48:00.00Z",14393079
"2018-09-15T13:49:00.00Z",11543878
"2018-09-15T13:50:00.00Z",11914758
"2018-09-15T13:51:00.00Z",15952945
"2018-09-15T13:52:00.00Z",13989186
"2018-09-15T13:53:00.00Z",11391267
"2018-09-15T13:54:00.00Z",15102854
"2018-09-15T13:55:00.00Z",14528000
"2018-09-15T13:56:00.00Z",11600000
"2018-09-15T13:57:00.00Z",14705058
"2018-09-15T13:58:00.00Z",16717630
"2018-09-15T13:59:00.00Z",15116085
"2018-09-15T14:00:00.00Z",9366278
"2018-09-15T14:01:00.00Z",14942250
"2018-09-15T14:02:00.00Z",12908435
"2018-09-15T14:03:00.00Z",12158919
"2018-09-15T14:04:00.00Z",12359837
"2018-09-15T14:05:00.00Z",12836514
"2018-09-15T14:06:00.00Z",11970292
"2018-09-15T14:07:00.00Z",15708508
"2018-09-15T14:08:00.00Z",13863657
"2018-09-15T14:09:00.00Z",14267945
"2018-09-15T14:10:00.00Z",14982032
"2018-09-15T14:11:00.00Z",11986720
"2018-09-15T14:12:00.00Z",10905073
"2018-09-15T14:13:00.00Z",17194512
"2018-09-15T14:14:00.00Z",15698982
"2018-09-15T14:15:00.00Z",17952510
"2018-09-15T14:16:00.00Z",16172475
"2018-09-15T14:17:00.00Z",13946463
"2018-09-15T14:18:00.00Z",12034397
"2018-09-15T14:19:00.00Z",14843297
"2018-09-15T14:20:00.00Z",16227911
"2018-09-15T14:21:00.00Z",12623511
"2018-09-15T14:22:00.00Z",15945281
"2018-09-15T14:23:00.00Z",12651951
"2018-09-15T14:24:00.00Z",12272160
"2018-09-15T14:25:00.00Z",12907750
"2018-09-15T14:26:00.00Z",13346448
"2018-09-15T14:27:00.00Z",14275619
"2018-09-15T14:28:00.00Z",12396300
"2018-09-15T14:29:00.00Z",14523746
"2018-09-15T14:30:00.00Z",12826136
"2018-09-15T14:31:00.00Z",12370953
"2018-09-15T14:32:00.00Z",13089762
"2018-09-15T14:33:00.00Z",15459887
"2018-09-15T14:34:00.00Z",12411873
"2018-09-15T14:35:00.00Z",12470302
"2018-09-15T14:36:00.00Z",13861719
"2018-09-15T14:37:00.00Z",12131655
"2018-09-15T14:38:00.00Z",11987770
"2018-09-15T14:39:00.00Z",11966656
"2018-09-15T14:40:00.00Z",9874038
"2018-09-15T14:41:00.00Z",14594712
"2018-09-15T14:42:00.00Z",13221556
"2018-09-15T14:43:00.00Z",17196462
"2018-09-15T14:44:00.00Z",14268105
"2018-09-15T14:45:00.00Z",15571109
"2018-09-15T14:46:00.00Z",15112836
"2018-09-15T14:47:00.00Z",12748304
"2018-09-15T14:48:00.00Z",12235368
"2018-09-15T14:49:00.00Z",12190632
"2018-09-15T14:50:00.00Z",10366554
"2018-09-15T14:51:00.00Z",14930743
"2018-09-15T14:52:00.00Z",14899509
"2018-09-15T14:53:00.00Z",13252108
"2018-09-15T14:54:00.00Z",15335175
"2018-09-15T14:55:00.00Z",9998344
"2018-09-15T14:56:00.00Z",15000653
"2018-09-15T14:57:00.00Z",12260276
"2018-09-15T14:58:00.00Z",12914267
"2018-09-15T14:59:00.00Z",13473432
"2018-09-15T15:00:00.00Z",11003258
"2018-09-15T15:01:00.00Z",13119667
"2018-09-15T15:02:00.00Z",16097099
"2018-09-15T15:03:00.00Z",15868589
"2018-09-15T15:04:00.00Z",9572482
"2018-09-15T15:05:00.00Z",14597600
"2018-09-15T15:06:00.00Z",13499297
"2018-09-15T15:07:00.00Z",10437494
"2018-09-15T15:08:00.00Z",10025077
"2018-09-15T15:09:00.00Z",14627746
"2018-09-15T15:10:00.00Z",16229693
"2018-09-15T15:11:00.00Z",13226029
"2018-09-15T15:12:00.00Z",11506655
"2018-09-15T15:13:00.00Z",11793050
"2018-09-15T15:14:00.00Z",14152358
"2018-09-15T15:15:00.00Z",12578441
"2018-09-15T15:16:00.00Z",13338413
"2018-09-15T15:17:00.00Z",15141951
"2018-09-15T15:18:00.00Z",13660211
"2018-09-15T15:19:00.00Z",12066667
"2018-09-15T15:20:00.00Z",14556543
"2018-09-15T15:21:00.00Z",11439377
"2018-09-15T15:22:00.00Z",15856239
"2018-09-15T15:23:00.00Z",12527833
"2018-09-15T15:24:00.00Z",13253386
"2018-09-15T15:25:00.00Z",10852849
"2018-09-15T15:26:00.00Z",12866869
"2018-09-15T15:27:00.00Z",9832318
"2018-09-15T15:28:00.00Z",10227153
"2018-09-15T15:29:00.00Z",11719481
"2018-09-15T15:30:00.00Z",11953825
"2018-09-15T15:31:00.00Z",12424288
"2018-09-15T15:32:00.00Z",12953903
"2018-09-15T15:33:00.00Z",13439284
"2018-09-15T15:34:00.00Z",11424729
"2018-09-15T15:35:00.00Z",10455967
"2018-09-15T15:36:00.00Z",12622812
"2018-09-15T15:37:00.00Z",10881017
"2018-09-15T15:38:00.00Z",11838079
"2018-09-15T15:39:00.00Z",12308405
"2018-09-15T15:40:00.00Z",13365531
"2018-09-15T15:41:00.00Z",13829836
"2018-09-15T15:42:00.00Z",14751688
"2018-09-15T15:43:00.00Z",13492862
"2018-09-15T15:44:00.00Z",12565138
"2018-09-15T15:45:00.00Z",12495250
"2018-09-15T15:46:00.00Z",13978704
"2018-09-15T15:47:00.00Z",12700356
"2018-09-15T15:48:00.00Z",16655945
"2018-09-15T15:49:00.00Z",13321672
"2018-09-15T15:50:00.00Z",13199388
"2018-09-15T15:51:00.00Z",15982392
"2018-09-15T15:52:00.00Z",13662450
"2018-09-15T15:53:00.00Z",12141230
"2018-09-15T15:54:00.00Z",11773463
"2018-09-15T15:55:00.00Z",12320023
"2018-09-15T15:56:00.00Z",11244328
"2018-09-15T15:57:00.00Z",14325958
"2018-09-15T15:58:00.00Z",11393747
"2018-09-15T15:59:00.00Z",11060362
"2018-09-15T16:00:00.00Z",12166850
"2018-09-15T16:01:00.00Z",12224141
"2018-09-15T16:02:00.00Z",9448299
"2018-09-15T16:03:00.00Z",12461397
"2018-09-15T16:04:00.00Z",14822780
"2018-09-15T16:05:00.00Z",11914594
"2018-09-15T16:06:00.00Z",17222038
"2018-09-15T16:07:00.00Z",16850794
"2018-09-15T16:08:00.00Z",14421190
"2018-09-15T16:09:00.00Z",13813551
"2018-09-15T16:10:00.00Z",14588053
"2018-09-15T16:11:00.00Z",14459621
"2018-09-15T16:12:00.00Z",12303534
"2018-09-15T16:13:00.00Z",14002233
"2018-09-15T16:14:00.00Z",13973368
"2018-09-15T16:15:00.00Z",11372192
"2018-09-15T16:16:00.00Z",11820097
"2018-09-15T16:17:00.00Z",12984371
"2018-09-15T16:18:00.00Z",12178600
"2018-09-15T16:19:00.00Z",14565812
"2018-09-15T16:20:00.00Z",11881662
"2018-09-15T16:21:00.00Z",13005642
"2018-09-15T16:22:00.00Z",12688062
"2018-09-15T16:23:00.00Z",14203919
"2018-09-15T16:24:00.00Z",11763470
"2018-09-15T16:25:00.00Z",10232553
"2018-09-15T16:26:00.00Z",14514414
"2018-09-15T16:27:00.00Z",14486353
"2018-09-15T16:28:00.00Z",14226431
"2018-09-15T16:29:00.00Z",13231556
"2018-09-15T16:30:00.00Z",13430357
"2018-09-15T16:31:00.00Z",14171836
"2018-09-15T16:32:00.00Z",11913657
"2018-09-15T16:33:00.00Z",12214246
"2018-09-15T16:34:00.00Z",12188724
"2018-09-15T16:35:00.00Z",13571671
"2018-09-15T16:36:00.00Z",12612690
"2018-09-15T16:37:00.00Z",13461747
"2018-09-15T16:38:00.00Z",14410088
"2018-09-15T16:39:00.00Z",13655348
"2018-09-15T16:40:00.00Z",13209775
"2018-09-15T16:41:00.00Z",12307530
"2018-09-15T16:42:00.00Z",10711113
"2018-09-15T16:43:00.00Z",13165189
"2018-09-15T16:44:00.00Z",14716783
"2018-09-15T16:45:00.00Z",12386959
"2018-09-15T16:46:00.00Z",14540416
"2018-09-15T16:47:00.00Z",11375372
"2018-09-15T16:48:00.00Z",13924130
"2018-09-15T16:49:00.00Z",13081630
"2018-09-15T16:50:00.00Z",15130705
"2018-09-15T16:51:00.00Z",12938528
"2018-09-15T16:52:00.00Z",13367434
"2018-09-15T16:53:00.00Z",12037219
"2018-09-15T16:54:00.00Z",15013351
"2018-09-15T16:55:00.00Z",10718709
"2018-09-15T16:56:00.00Z",9044734
"2018-09-15T16:57:00.00Z",12626670
"2018-09-15T16:58:00.00Z",13973969
"2018-09-15T16:59:00.00Z",10606077
"2018-09-15T17:00:00.00Z",12217391
"2018-09-15T17:01:00.00Z",11556136
"2018-09-15T17:02:00.00Z",12382419
"2018-09-15T17:03:00.00Z",11379245
"2018-09-15T17:04:00.00Z",12347816
"2018-09-15T17:05:00.00Z",13040295
"2018-09-15T17:06:00.00Z",11161575
"2018-09-15T17:07:00.00Z",13968368
"2018-09-15T17:08:00.00Z",14447368
"2018-09-15T17:09:00.00Z",12196145
"2018-09-15T17:10:00.00Z",11312542
"2018-09-15T17:11:00.00Z",10312075
"2018-09-15T17:12:00.00Z",13640415
"2018-09-15T17:13:00.00Z",11084452
"2018-09-15T17:14:00.00Z",9865824
"2018-09-15T17:15:00.00Z",11359361
"2018-09-15T17:16:00.00Z",11967945
"2018-09-15T17:17:00.00Z",12518556
"2018-09-15T17:18:00.00Z",11622564
"2018-09-15T17:19:00.00Z",9568381
"2018-09-15T17:20:00.00Z",11858589
"2018-09-15T17:21:00.00Z",13704892
"2018-09-15T17:22:00.00Z",10742200
"2018-09-15T17:23:00.00Z",13738406
"2018-09-15T17:24:00.00Z",10997958
"2018-09-15T17:25:00.00Z",13649516
"2018-09-15T17:26:00.00Z",10264481
"2018-09-15T17:27:00.00Z",13997342
"2018-09-15T17:28:00.00Z",12039386
"2018-09-15T17:29:00.00Z",14051582
"2018-09-15T17:30:00.00Z",12253435
"2018-09-15T17:31:00.00Z",14086875
"2018-09-15T17:32:00.00Z",15539375
"2018-09-15T17:33:00.00Z",13523569
"2018-09-15T17:34:00.00Z",13665500
"2018-09-15T17:35:00.00Z",9516281
"2018-09-15T17:36:00.00Z",11559911
"2018-09-15T17:37:00.00Z",12469786
"2018-09-15T17:38:00.00Z",13809338
"2018-09-15T17:39:00.00Z",12599317
"2018-09-15T17:40:00.00Z",13851522
"2018-09-15T17:41:00.00Z",11355959
"2018-09-15T17:42:00.00Z",11180235
"2018-09-15T17:43:00.00Z",12675522
"2018-09-15T17:44:00.00Z",12086044
"2018-09-15T17:45:00.00Z",9147295
"2018-09-15T17:46:00.00Z",14342883
"2018-09-15T17:47:00.00Z",9544622
"2018-09-15T17:48:00.00Z",12365672
"2018-09-15T17:49:00.00Z",11780699
"2018-09-15T17:50:00.00Z",11849026
"2018-09-15T17:51:00.00Z",14173814
"2018-09-15T17:52:00.00Z",13241045
"2018-09-15T17:53:00.00Z",11188729
"2018-09-15T17:54:00.00Z",13322394
"2018-09-15T17:55:00.00Z",13819827
"2018-09-15T17:56:00.00Z",12343323
"2018-09-15T17:57:00.00Z",11006902
"2018-09-15T17:58:00.00Z",10862829
"2018-09-15T17:59:00.00Z",12922842
"2018-09-15T18:00:00.00Z",13344824
"2018-09-15T18:01:00.00Z",10933768
"2018-09-15T18:02:00.00Z",11178243
"2018-09-15T18:03:00.00Z",11196986
"2018-09-15T18:04:00.00Z",10033956
"2018-09-15T18:05:00.00Z",12772613
"2018-09-15T18:06:00.00Z",12211683
"2018-09-15T18:07:00.00Z",10817414
"2018-09-15T18:08:00.00Z",16283763
"2018-09-15T18:09:00.00Z",11504203
"2018-09-15T18:10:00.00Z",13628623
"2018-09-15T18:11:00.00Z",10630515
"2018-09-15T18:12:00.00Z",11555281
"2018-09-15T18:13:00.00Z",9060645
"2018-09-15T18:14:00.00Z",10138156
"2018-09-15T18:15:00.00Z",12091104
"2018-09-15T18:16:00.00Z",11584446
"2018-09-15T18:17:00.00Z",8907242
"2018-09-15T18:18:00.00Z",14772717
"2018-09-15T18:19:00.00Z",12161351
"2018-09-15T18:20:00.00Z",9507827
"2018-09-15T18:21:00.00Z",11654419
"2018-09-15T18:22:00.00Z",11538475
"2018-09-15T18:23:00.00Z",11042970
"2018-09-15T18:24:00.00Z",12568646
"2018-09-15T18:25:00.00Z",14276000
"2018-09-15T18:26:00.00Z",12890940
"2018-09-15T18:27:00.00Z",10781574
"2018-09-15T18:28:00.00Z",13355969
"2018-09-15T18:29:00.00Z",14989484
"2018-09-15T18:30:00.00Z",9838132
"2018-09-15T18:31:00.00Z",13473435
"2018-09-15T18:32:00.00Z",12022387
"2018-09-15T18:33:00.00Z",11890984
"2018-09-15T18:34:00.00Z",9445561
"2018-09-15T18:35:00.00Z",9381455
"2018-09-15T18:36:00.00Z",13616636
"2018-09-15T18:37:00.00Z",16060409
"2018-09-15T18:38:00.00Z",10576080
"2018-09-15T18:39:00.00Z",13252069
"2018-09-15T18:40:00.00Z",11332127
"2018-09-15T18:41:00.00Z",12019224
"2018-09-15T18:42:00.00Z",12830915
"2018-09-15T18:43:00.00Z",9910767
"2018-09-15T18:44:00.00Z",11983482
"2018-09-15T18:45:00.00Z",12527610
"2018-09-15T18:46:00.00Z",14646290
"2018-09-15T18:47:00.00Z",11116250
"2018-09-15T18:48:00.00Z",10758667
"2018-09-15T18:49:00.00Z",11894563
"2018-09-15T18:50:00.00Z",10323122
"2018-09-15T18:51:00.00Z",11474015
"2018-09-15T18:52:00.00Z",16936246
"2018-09-15T18:53:00.00Z",13579741
"2018-09-15T18:54:00.00Z",12542426
"2018-09-15T18:55:00.00Z",11919185
"2018-09-15T18:56:00.00Z",10850914
"2018-09-15T18:57:00.00Z",12947079
"2018-09-15T18:58:00.00Z",16736958
"2018-09-15T18:59:00.00Z",12098359
"2018-09-15T19:00:00.00Z",11733785
"2018-09-15T19:01:00.00Z",10004942
"2018-09-15T19:02:00.00Z",11805763
"2018-09-15T19:03:00.00Z",10832662
"2018-09-15T19:04:00.00Z",13653316
"2018-09-15T19:05:00.00Z",9901895
"2018-09-15T19:06:00.00Z",12827662
"2018-09-15T19:07:00.00Z",11327604
"2018-09-15T19:08:00.00Z",12592694
"2018-09-15T19:09:00.00Z",10910118
"2018-09-15T19:10:00.00Z",10264507
"2018-09-15T19:11:00.00Z",15667985
"2018-09-15T19:12:00.00Z",9159654
"2018-09-15T19:13:00.00Z",10985459
"2018-09-15T19:14:00.00Z",13142151
"2018-09-15T19:15:00.00Z",12345746
"2018-09-15T19:16:00.00Z",14992776
"2018-09-15T19:17:00.00Z",13432127
"2018-09-15T19:18:00.00Z",13329842
"2018-09-15T19:19:00.00Z",12090909
"2018-09-15T19:20:00.00Z",11657074
"2018-09-15T19:21:00.00Z",10695222
"2018-09-15T19:22:00.00Z",14572235
"2018-09-15T19:23:00.00Z",13033776
"2018-09-15T19:24:00.00Z",14550260
"2018-09-15T19:25:00.00Z",12507604
"2018-09-15T19:26:00.00Z",15315242
"2018-09-15T19:27:00.00Z",13469516
"2018-09-15T19:28:00.00Z",11714000
"2018-09-15T19:29:00.00Z",12111091
"2018-09-15T19:30:00.00Z",10474742
"2018-09-15T19:31:00.00Z",12114478
"2018-09-15T19:32:00.00Z",10645200
"2018-09-15T19:33:00.00Z",9577000
"2018-09-15T19:34:00.00Z",9946197
"2018-09-15T19:35:00.00Z",12592877
"2018-09-15T19:36:00.00Z",13568650
"2018-09-15T19:37:00.00Z",11982952
"2018-09-15T19:38:00.00Z",11375803
"2018-09-15T19:39:00.00Z",13282691
"2018-09-15T19:40:00.00Z",8160037.5
"2018-09-15T19:41:00.00Z",12665873
"2018-09-15T19:42:00.00Z",13666098
"2018-09-15T19:43:00.00Z",11233769
"2018-09-15T19:44:00.00Z",13716308
"2018-09-15T19:45:00.00Z",11132368
"2018-09-15T19:46:00.00Z",14342750
"2018-09-15T19:47:00.00Z",11111928
"2018-09-15T19:48:00.00Z",8439210
"2018-09-15T19:49:00.00Z",11053500
"2018-09-15T19:50:00.00Z",11133984
"2018-09-15T19:51:00.00Z",11413462
"2018-09-15T19:52:00.00Z",19747230
"2018-09-15T19:53:00.00Z",14493026
"2018-09-15T19:54:00.00Z",11611812
"2018-09-15T19:55:00.00Z",9358831
"2018-09-15T19:56:00.00Z",15167918
"2018-09-15T19:57:00.00Z",14255319
"2018-09-15T19:58:00.00Z",15118327
"2018-09-15T19:59:00.00Z",12740580
"2018-09-15T20:00:00.00Z",13669533
"2018-09-15T20:01:00.00Z",11262692
"2018-09-15T20:02:00.00Z",10963842
"2018-09-15T20:03:00.00Z",11391284
"2018-09-15T20:04:00.00Z",12897649
"2018-09-15T20:05:00.00Z",14643870
"2018-09-15T20:06:00.00Z",9209020
"2018-09-15T20:07:00.00Z",12129742
"2018-09-15T20:08:00.00Z",10991516
"2018-09-15T20:09:00.00Z",9954396
"2018-09-15T20:10:00.00Z",13872458
"2018-09-15T20:11:00.00Z",8574033
"2018-09-15T20:12:00.00Z",14200969
"2018-09-15T20:13:00.00Z",11487793
"2018-09-15T20:14:00.00Z",11187021
"2018-09-15T20:15:00.00Z",9772710
"2018-09-15T20:16:00.00Z",11430538
"2018-09-15T20:17:00.00Z",9941311
"2018-09-15T20:18:00.00Z",10057569
"2018-09-15T20:19:00.00Z",10548538
"2018-09-15T20:20:00.00Z",13343315
"2018-09-15T20:21:00.00Z",13435567
"2018-09-15T20:22:00.00Z",9592633
"2018-09-15T20:23:00.00Z",13799167
"2018-09-15T20:24:00.00Z",11899912
"2018-09-15T20:25:00.00Z",11050473
"2018-09-15T20:26:00.00Z",12767681
"2018-09-15T20:27:00.00Z",14205750
"2018-09-15T20:28:00.00Z",11092937
"2018-09-15T20:29:00.00Z",10679116
"2018-09-15T20:30:00.00Z",11673041
"2018-09-15T20:31:00.00Z",12947211
"2018-09-15T20:32:00.00Z",9975938
"2018-09-15T20:33:00.00Z",12690600
"2018-09-15T20:34:00.00Z",8341392
"2018-09-15T20:35:00.00Z",12125926
"2018-09-15T20:36:00.00Z",10230216
"2018-09-15T20:37:00.00Z",12677594
"2018-09-15T20:38:00.00Z",12965786
"2018-09-15T20:39:00.00Z",11746702
"2018-09-15T20:40:00.00Z",9242812
"2018-09-15T20:41:00.00Z",13185407
"2018-09-15T20:42:00.00Z",12524500
"2018-09-15T20:43:00.00Z",12695923
"2018-09-15T20:44:00.00Z",10612239
"2018-09-15T20:45:00.00Z",15880727
"2018-09-15T20:46:00.00Z",13995164
"2018-09-15T20:47:00.00Z",9978672
"2018-09-15T20:48:00.00Z",10296514
"2018-09-15T20:49:00.00Z",21290720
"2018-09-15T20:50:00.00Z",9598766
"2018-09-15T20:51:00.00Z",9244724
"2018-09-15T20:52:00.00Z",9537942
"2018-09-15T20:53:00.00Z",11116680
"2018-09-15T20:54:00.00Z",12171800
"2018-09-15T20:55:00.00Z",9471286
"2018-09-15T20:56:00.00Z",12331000
"2018-09-15T20:57:00.00Z",14418764
"2018-09-15T20:58:00.00Z",10166597
"2018-09-15T20:59:00.00Z",13394077
"2018-09-15T21:00:00.00Z",13159766
"2018-09-15T21:01:00.00Z",10928596
"2018-09-15T21:02:00.00Z",10769561
"2018-09-15T21:03:00.00Z",11804889
"2018-09-15T21:04:00.00Z",11020000
"2018-09-15T21:05:00.00Z",13514774
"2018-09-15T21:06:00.00Z",12511532
"2018-09-15T21:07:00.00Z",9867926
"2018-09-15T21:08:00.00Z",15296204
"2018-09-15T21:09:00.00Z",8180328
"2018-09-15T21:10:00.00Z",10716391
"2018-09-15T21:11:00.00Z",13902191
"2018-09-15T21:12:00.00Z",12867230
"2018-09-15T21:13:00.00Z",10716107
"2018-09-15T21:14:00.00Z",12365127
"2018-09-15T21:15:00.00Z",12216540
"2018-09-15T21:16:00.00Z",13484323
"2018-09-15T21:17:00.00Z",11286367
"2018-09-15T21:18:00.00Z",12033608
"2018-09-15T21:19:00.00Z",10611220
"2018-09-15T21:20:00.00Z",10650410
"2018-09-15T21:21:00.00Z",12401903
"2018-09-15T21:22:00.00Z",10655800
"2018-09-15T21:23:00.00Z",10968478
"2018-09-15T21:24:00.00Z",13580647
"2018-09-15T21:25:00.00Z",13847320
"2018-09-15T21:26:00.00Z",11407123
"2018-09-15T21:27:00.00Z",11559111
"2018-09-15T21:28:00.00Z",11548362
"2018-09-15T21:29:00.00Z",8376306
"2018-09-15T21:30:00.00Z",9080098
"2018-09-15T21:31:00.00Z",10388311
"2018-09-15T21:32:00.00Z",12097280
"2018-09-15T21:33:00.00Z",13526677
"2018-09-15T21:34:00.00Z",11684672
"2018-09-15T21:35:00.00Z",13192698
"2018-09-15T21:36:00.00Z",10812968
"2018-09-15T21:37:00.00Z",10695111
"2018-09-15T21:38:00.00Z",13679023
"2018-09-15T21:39:00.00Z",13787314
"2018-09-15T21:40:00.00Z",10227532
"2018-09-15T21:41:00.00Z",16919784
"2018-09-15T21:42:00.00Z",10146615
"2018-09-15T21:43:00.00Z",10853837
"2018-09-15T21:44:00.00Z",11677569
"2018-09-15T21:45:00.00Z",11327468
"2018-09-15T21:46:00.00Z",10682207
"2018-09-15T21:47:00.00Z",11174619
"2018-09-15T21:48:00.00Z",9837137
"2018-09-15T21:49:00.00Z",14667250
"2018-09-15T21:50:00.00Z",14412400
"2018-09-15T21:51:00.00Z",13389283
"2018-09-15T21:52:00.00Z",11444214
"2018-09-15T21:53:00.00Z",10425159
"2018-09-15T21:54:00.00Z",8275764.5
"2018-09-15T21:55:00.00Z",8708227
"2018-09-15T21:56:00.00Z",12482952
"2018-09-15T21:57:00.00Z",14727192
"2018-09-15T21:58:00.00Z",12949310
"2018-09-15T21:59:00.00Z",10150000
"2018-09-15T22:00:00.00Z",12766625
"2018-09-15T22:01:00.00Z",19350788
"2018-09-15T22:02:00.00Z",20847690
"2018-09-15T22:03:00.00Z",16302714
"2018-09-15T22:04:00.00Z",15398983
"2018-09-15T22:05:00.00Z",19037436
"2018-09-15T22:06:00.00Z",14646019
"2018-09-15T22:07:00.00Z",15329508
"2018-09-15T22:08:00.00Z",23061950
"2018-09-15T22:09:00.00Z",21380984
"2018-09-15T22:10:00.00Z",17669800
"2018-09-15T22:11:00.00Z",17965376
"2018-09-15T22:12:00.00Z",23980020
"2018-09-15T22:13:00.00Z",23035566
"2018-09-15T22:14:00.00Z",22456736
"2018-09-15T22:15:00.00Z",19055078
"2018-09-15T22:16:00.00Z",22785138
"2018-09-15T22:17:00.00Z",30581774
"2018-09-15T22:18:00.00Z",26486000
"2018-09-15T22:19:00.00Z",24976514
"2018-09-15T22:20:00.00Z",17257690
"2018-09-15T22:21:00.00Z",23473340
"2018-09-15T22:22:00.00Z",16055909
"2018-09-15T22:23:00.00Z",21112612
"2018-09-15T22:24:00.00Z",27534844
"2018-09-15T22:25:00.00Z",29923240
"2018-09-15T22:26:00.00Z",20433746
"2018-09-15T22:27:00.00Z",25480630
"2018-09-15T22:28:00.00Z",15361309
"2018-09-15T22:29:00.00Z",29100260
"2018-09-15T22:30:00.00Z",23413696
"2018-09-15T22:31:00.00Z",24368984
"2018-09-15T22:32:00.00Z",21745696
"2018-09-15T22:33:00.00Z",30682928
"2018-09-15T22:34:00.00Z",23994350
"2018-09-15T22:35:00.00Z",23990568
"2018-09-15T22:36:00.00Z",23136072
"2018-09-15T22:37:00.00Z",24317740
"2018-09-15T22:38:00.00Z",16096965
"2018-09-15T22:39:00.00Z",19046250
"2018-09-15T22:40:00.00Z",21319340
"2018-09-15T22:41:00.00Z",19974160
"2018-09-15T22:42:00.00Z",20220436
"2018-09-15T22:43:00.00Z",23054160
"2018-09-15T22:44:00.00Z",22519530
"2018-09-15T22:45:00.00Z",33101740
"2018-09-15T22:46:00.00Z",23120368
"2018-09-15T22:47:00.00Z",28541116
"2018-09-15T22:48:00.00Z",21025852
"2018-09-15T22:49:00.00Z",21568538
"2018-09-15T22:50:00.00Z",24781090
"2018-09-15T22:51:00.00Z",21006464
"2018-09-15T22:52:00.00Z",24826178
"2018-09-15T22:53:00.00Z",21898868
"2018-09-15T22:54:00.00Z",26004852
"2018-09-15T22:55:00.00Z",30932768
"2018-09-15T22:56:00.00Z",17297328
"2018-09-15T22:57:00.00Z",24504230
"2018-09-15T22:58:00.00Z",20089716
"2018-09-15T22:59:00.00Z",24752170
"2018-09-15T23:00:00.00Z",24684104
"2018-09-15T23:01:00.00Z",21765754
"2018-09-15T23:02:00.00Z",22161000
"2018-09-15T23:03:00.00Z",28178642
"2018-09-15T23:04:00.00Z",19531318
"2018-09-15T23:05:00.00Z",26799380
"2018-09-15T23:06:00.00Z",26225578
"2018-09-15T23:07:00.00Z",17257160
"2018-09-15T23:08:00.00Z",33661476
"2018-09-15T23:09:00.00Z",17867688
"2018-09-15T23:10:00.00Z",26388906
"2018-09-15T23:11:00.00Z",19382896
"2018-09-15T23:12:00.00Z",21179792
"2018-09-15T23:13:00.00Z",18515762
"2018-09-15T23:14:00.00Z",20415614
"2018-09-15T23:15:00.00Z",21474442
"2018-09-15T23:16:00.00Z",27799018
"2018-09-15T23:17:00.00Z",24294078
"2018-09-15T23:18:00.00Z",22722428
"2018-09-15T23:19:00.00Z",23542372
"2018-09-15T23:20:00.00Z",22855086
"2018-09-15T23:21:00.00Z",27051716
"2018-09-15T23:22:00.00Z",25230204
"2018-09-15T23:23:00.00Z",25599928
"2018-09-15T23:24:00.00Z",25609240
"2018-09-15T23:25:00.00Z",27204718
"2018-09-15T23:26:00.00Z",30015334
"2018-09-15T23:27:00.00Z",27515000
"2018-09-15T23:28:00.00Z",24789358
"2018-09-15T23:29:00.00Z",24940956
"2018-09-15T23:30:00.00Z",20242226
"2018-09-15T23:31:00.00Z",27199500
"2018-09-15T23:32:00.00Z",26470368
"2018-09-15T23:33:00.00Z",28675648
"2018-09-15T23:34:00.00Z",25626414
"2018-09-15T23:35:00.00Z",21534060
"2018-09-15T23:36:00.00Z",25730608
"2018-09-15T23:37:00.00Z",24223688
"2018-09-15T23:38:00.00Z",27827638
"2018-09-15T23:39:00.00Z",25028054
"2018-09-15T23:40:00.00Z",29730404
"2018-09-15T23:41:00.00Z",23021796
"2018-09-15T23:42:00.00Z",23408800
"2018-09-15T23:43:00.00Z",19322016
"2018-09-15T23:44:00.00Z",26081090
"2018-09-15T23:45:00.00Z",19232766
"2018-09-15T23:46:00.00Z",20669848
"2018-09-15T23:47:00.00Z",22904042
"2018-09-15T23:48:00.00Z",24933104
"2018-09-15T23:49:00.00Z",28767204
"2018-09-15T23:50:00.00Z",21799792
"2018-09-15T23:51:00.00Z",24502918
"2018-09-15T23:52:00.00Z",26104418
"2018-09-15T23:53:00.00Z",23618750
"2018-09-15T23:54:00.00Z",24275036
"2018-09-15T23:55:00.00Z",23366786
"2018-09-15T23:56:00.00Z",25101394
"2018-09-15T23:57:00.00Z",11976553
"2018-09-15T23:58:00.00Z",12620288
"2018-09-15T23:59:00.00Z",16202204
"2018-09-16T00:00:00.00Z",11041595
"2018-09-16T00:01:00.00Z",15353745
"2018-09-16T00:02:00.00Z",12265333
"2018-09-16T00:03:00.00Z",14658188
"2018-09-16T00:04:00.00Z",11418019
"2018-09-16T00:05:00.00Z",13628857
"2018-09-16T00:06:00.00Z",10264306
"2018-09-16T00:07:00.00Z",15658977
"2018-09-16T00:08:00.00Z",10851706
"2018-09-16T00:09:00.00Z",12929935
"2018-09-16T00:10:00.00Z",10908857
"2018-09-16T00:11:00.00Z",12755527
"2018-09-16T00:12:00.00Z",11136035
"2018-09-16T00:13:00.00Z",13054265
"2018-09-16T00:14:00.00Z",12984222
"2018-09-16T00:15:00.00Z",10377844
"2018-09-16T00:16:00.00Z",10838000
"2018-09-16T00:17:00.00Z",15119154
"2018-09-16T00:18:00.00Z",13762533
"2018-09-16T00:19:00.00Z",11200953
"2018-09-16T00:20:00.00Z",11478796
"2018-09-16T00:21:00.00Z",9105891
"2018-09-16T00:22:00.00Z",13226226
"2018-09-16T00:23:00.00Z",10185927
"2018-09-16T00:24:00.00Z",13556909
"2018-09-16T00:25:00.00Z",10602949
"2018-09-16T00:26:00.00Z",10351380
"2018-09-16T00:27:00.00Z",12305757
"2018-09-16T00:28:00.00Z",15634833
"2018-09-16T00:29:00.00Z",10708175
"2018-09-16T00:30:00.00Z",7486225
"2018-09-16T00:31:00.00Z",14935418
"2018-09-16T00:32:00.00Z",9991620
"2018-09-16T00:33:00.00Z",12621980
"2018-09-16T00:34:00.00Z",15118020
"2018-09-16T00:35:00.00Z",14566690
"2018-09-16T00:36:00.00Z",11919292
"2018-09-16T00:37:00.00Z",12744119
"2018-09-16T00:38:00.00Z",13040917
"2018-09-16T00:39:00.00Z",11240022
"2018-09-16T00:40:00.00Z",10474528
"2018-09-16T00:41:00.00Z",12967756
"2018-09-16T00:42:00.00Z",12933200
"2018-09-16T00:43:00.00Z",10297568
"2018-09-16T00:44:00.00Z",13721825
"2018-09-16T00:45:00.00Z",14785816
"2018-09-16T00:46:00.00Z",12914759
"2018-09-16T00:47:00.00Z",13171979
"2018-09-16T00:48:00.00Z",12349304
"2018-09-16T00:49:00.00Z",9769714
"2018-09-16T00:50:00.00Z",11818588
"2018-09-16T00:51:00.00Z",12020114
"2018-09-16T00:52:00.00Z",14000855
"2018-09-16T00:53:00.00Z",13009462
"2018-09-16T00:54:00.00Z",11489500
"2018-09-16T00:55:00.00Z",11298123
"2018-09-16T00:56:00.00Z",14674528
"2018-09-16T00:57:00.00Z",9369870
"2018-09-16T00:58:00.00Z",9574098
"2018-09-16T00:59:00.00Z",10377436
"2018-09-16T01:00:00.00Z",10922228
"2018-09-16T01:01:00.00Z",11766860
"2018-09-16T01:02:00.00Z",10426509
"2018-09-16T01:03:00.00Z",15897852
"2018-09-16T01:04:00.00Z",10791789
"2018-09-16T01:05:00.00Z",10478733
"2018-09-16T01:06:00.00Z",10972816
"2018-09-16T01:07:00.00Z",11428944
"2018-09-16T01:08:00.00Z",10212135
"2018-09-16T01:09:00.00Z",10779920
"2018-09-16T01:10:00.00Z",13334333
"2018-09-16T01:11:00.00Z",10931510
"2018-09-16T01:12:00.00Z",10136132
"2018-09-16T01:13:00.00Z",9692139
"2018-09-16T01:14:00.00Z",10895204
"2018-09-16T01:15:00.00Z",13221489
"2018-09-16T01:16:00.00Z",11860589
"2018-09-16T01:17:00.00Z",10027034
"2018-09-16T01:18:00.00Z",11564800
"2018-09-16T01:19:00.00Z",11054263
"2018-09-16T01:20:00.00Z",10008267
"2018-09-16T01:21:00.00Z",10770615
"2018-09-16T01:22:00.00Z",12018220
"2018-09-16T01:23:00.00Z",10614468
"2018-09-16T01:24:00.00Z",11195544
"2018-09-16T01:25:00.00Z",13608395
"2018-09-16T01:26:00.00Z",15503604
"2018-09-16T01:27:00.00Z",13203689
"2018-09-16T01:28:00.00Z",10162275
"2018-09-16T01:29:00.00Z",12429589
"2018-09-16T01:30:00.00Z",10045896
"2018-09-16T01:31:00.00Z",12077222
"2018-09-16T01:32:00.00Z",11643917
"2018-09-16T01:33:00.00Z",12713836
"2018-09-16T01:34:00.00Z",10495940
"2018-09-16T01:35:00.00Z",12274304
"2018-09-16T01:36:00.00Z",13636745
"2018-09-16T01:37:00.00Z",12728686
"2018-09-16T01:38:00.00Z",14920729
"2018-09-16T01:39:00.00Z",13121333
"2018-09-16T01:40:00.00Z",11312639
"2018-09-16T01:41:00.00Z",13865568
"2018-09-16T01:42:00.00Z",10488977
"2018-09-16T01:43:00.00Z",11282537
"2018-09-16T01:44:00.00Z",9513207
"2018-09-16T01:45:00.00Z",11777810
"2018-09-16T01:46:00.00Z",12982373
"2018-09-16T01:47:00.00Z",13546315
"2018-09-16T01:48:00.00Z",10145812
"2018-09-16T01:49:00.00Z",11615122
"2018-09-16T01:50:00.00Z",16496786
"2018-09-16T01:51:00.00Z",12422525
"2018-09-16T01:52:00.00Z",12175422
"2018-09-16T01:53:00.00Z",13584269
"2018-09-16T01:54:00.00Z",11475060
"2018-09-16T01:55:00.00Z",11503958
"2018-09-16T01:56:00.00Z",13244681
"2018-09-16T01:57:00.00Z",12625149
"2018-09-16T01:58:00.00Z",11693091
"2018-09-16T01:59:00.00Z",10347364
"2018-09-16T02:00:00.00Z",11922865
"2018-09-16T02:01:00.00Z",14516267
"2018-09-16T02:02:00.00Z",12981172
"2018-09-16T02:03:00.00Z",12897600
"2018-09-16T02:04:00.00Z",12748136
"2018-09-16T02:05:00.00Z",15816222
"2018-09-16T02:06:00.00Z",10030386
"2018-09-16T02:07:00.00Z",11201019
"2018-09-16T02:08:00.00Z",11187480
"2018-09-16T02:09:00.00Z",10468406
"2018-09-16T02:10:00.00Z",13779750
"2018-09-16T02:11:00.00Z",12640857
"2018-09-16T02:12:00.00Z",14304923
"2018-09-16T02:13:00.00Z",10369442
"2018-09-16T02:14:00.00Z",11242196
"2018-09-16T02:15:00.00Z",14766271
"2018-09-16T02:16:00.00Z",12936195
"2018-09-16T02:17:00.00Z",15891500
"2018-09-16T02:18:00.00Z",10070582
"2018-09-16T02:19:00.00Z",8886553
"2018-09-16T02:20:00.00Z",10741729
"2018-09-16T02:21:00.00Z",12739486
"2018-09-16T02:22:00.00Z",10742173
"2018-09-16T02:23:00.00Z",12614750
"2018-09-16T02:24:00.00Z",14061857
"2018-09-16T02:25:00.00Z",9798725
"2018-09-16T02:26:00.00Z",10534245
"2018-09-16T02:27:00.00Z",12121760
"2018-09-16T02:28:00.00Z",11941885
"2018-09-16T02:29:00.00Z",10132962
"2018-09-16T02:30:00.00Z",11689359
"2018-09-16T02:31:00.00Z",13104684
"2018-09-16T02:32:00.00Z",11674870
"2018-09-16T02:33:00.00Z",12571647
"2018-09-16T02:34:00.00Z",11338843
"2018-09-16T02:35:00.00Z",10687542
"2018-09-16T02:36:00.00Z",10025837
"2018-09-16T02:37:00.00Z",13653514
"2018-09-16T02:38:00.00Z",10890100
"2018-09-16T02:39:00.00Z",11262190
"2018-09-16T02:40:00.00Z",12333841
"2018-09-16T02:41:00.00Z",14026048
"2018-09-16T02:42:00.00Z",14874062
"2018-09-16T02:43:00.00Z",11218250
"2018-09-16T02:44:00.00Z",13179541
"2018-09-16T02:45:00.00Z",14955256
"2018-09-16T02:46:00.00Z",12430023
"2018-09-16T02:47:00.00Z",11490611
"2018-09-16T02:48:00.00Z",10162618
"2018-09-16T02:49:00.00Z",10219020
"2018-09-16T02:50:00.00Z",13714574
"2018-09-16T02:51:00.00Z",13556345
"2018-09-16T02:52:00.00Z",9988417
"2018-09-16T02:53:00.00Z",9270354
"2018-09-16T02:54:00.00Z",9486196
"2018-09-16T02:55:00.00Z",11471892
"2018-09-16T02:56:00.00Z",11366854
"2018-09-16T02:57:00.00Z",10531920
"2018-09-16T02:58:00.00Z",16898834
"2018-09-16T02:59:00.00Z",12246389
"2018-09-16T03:00:00.00Z",21143026
"2018-09-16T03:01:00.00Z",10973472
"2018-09-16T03:02:00.00Z",15093903
"2018-09-16T03:03:00.00Z",10089139
"2018-09-16T03:04:00.00Z",17464742
"2018-09-16T03:05:00.00Z",19053058
"2018-09-16T03:06:00.00Z",13470562
"2018-09-16T03:07:00.00Z",10217150
"2018-09-16T03:08:00.00Z",10623340
"2018-09-16T03:09:00.00Z",13495122
"2018-09-16T03:10:00.00Z",10644531
"2018-09-16T03:11:00.00Z",12076408
"2018-09-16T03:12:00.00Z",9755729
"2018-09-16T03:13:00.00Z",13486525
"2018-09-16T03:14:00.00Z",12924980
"2018-09-16T03:15:00.00Z",12585140
"2018-09-16T03:16:00.00Z",11282707
"2018-09-16T03:17:00.00Z",15057290
"2018-09-16T03:18:00.00Z",10287079
"2018-09-16T03:19:00.00Z",10882267
"2018-09-16T03:20:00.00Z",15289529
"2018-09-16T03:21:00.00Z",11004086
"2018-09-16T03:22:00.00Z",11432811
"2018-09-16T03:23:00.00Z",9928275
"2018-09-16T03:24:00.00Z",8914216
"2018-09-16T03:25:00.00Z",9506800
"2018-09-16T03:26:00.00Z",10929364
"2018-09-16T03:27:00.00Z",10762929
"2018-09-16T03:28:00.00Z",12349095
"2018-09-16T03:29:00.00Z",10413125
"2018-09-16T03:30:00.00Z",9185711
"2018-09-16T03:31:00.00Z",12663460
"2018-09-16T03:32:00.00Z",14918281
"2018-09-16T03:33:00.00Z",10076732
"2018-09-16T03:34:00.00Z",9858571
